el_to_domain_index,el_to_path,page_title,page_namespace,page_id
https://today.archive.,/20180103084642/http://awfj.org/eda-awards-2/2017-awfj-eda-award-nominees/,Molly's_Game,0,8325323
https://today.archive.,/20180202115618/https://www.flightglobal.com/news/articles/nh-industries-confident-on-sealing-nh90-orders-from-445392/,NHIndustries_NH90,0,236770
https://today.archive.,/20171024135722/http://www.diariosur.es/prensa/20070124/deportes/rafael-nuevo-entrenador-alhaurino_20070124.html,Club_Deportivo_Alhaurino,0,308971
https://today.archive.,"/20171128123323/http://www.angop.ao/angola/pt_pt/noticias/desporto/2002/3/15/,e5e295a8-62f0-4ec0-aef7-6481c0a63149.html",Clube_Desportivo_Primeiro_de_Agosto,0,5190967
https://today.archive.,"/20171127001753/http://www.angop.ao/angola/pt_pt/noticias/desporto/2003/3/15/,648d6bb9-61cb-4471-b034-43673736594d.html",Clube_Desportivo_Primeiro_de_Agosto,0,5190967
https://today.archive.,"/20171127001655/http://www.angop.ao/angola/pt_pt/noticias/desporto/2004/3/17/Futebol-Agosto-volta-perder-Dusan-Kondic-despedido,40ed7d87-92af-4c20-ab9f-1ef9d56b70ef.html",Clube_Desportivo_Primeiro_de_Agosto,0,5190967
https://today.archive.,"/20171126235852/http://www.angop.ao/angola/pt_pt/noticias/desporto/2009/6/30/Viktor-Bondarenko-afastado-Agosto,a30e2909-2994-45fb-bc77-dfcdb1cee19e.html",Clube_Desportivo_Primeiro_de_Agosto,0,5190967
https://today.archive.,"/20171127223120/http://www.angop.ao/angola/pt_pt/noticias/desporto/2006/3/16/Futebol-Tecnico-Humberto-Chaves-afastado-Desportivo-Huila,51ec3d74-14fc-4a29-90af-8b979091543c.html",Clube_Desportivo_da_Huíla,0,2647648
https://today.archive.,"/20171127235240/http://www.angop.ao/angola/pt_pt/noticias/desporto/2012/3/16/Nacional-Benguela-rescinde-com-Alvaro-Magalhaes,00104633-b795-4bf7-a174-db3822077a18.html",Clube_Nacional_de_Benguela,0,6075980
https://today.archive.,"/20171127235104/http://www.angop.ao/angola/pt_pt/noticias/desporto/2012/4/21/Luis-Mariano-novo-treinador-Nacional-Benguela,ad9d6acb-4e4a-439f-a03e-1631c82010a6.html",Clube_Nacional_de_Benguela,0,6075980
https://today.archive.,"/20171127235634/http://www.angop.ao/angola/pt_pt/noticias/desporto/2012/4/22/Treinador-brasileiro-apresentado-Nacional-Benguela,687e020c-2303-49a3-a5c0-e9b4c1bb120d.html",Clube_Nacional_de_Benguela,0,6075980
https://today.archive.,"/20171127191539/http://www.angop.ao/angola/pt_pt/noticias/desporto/2005/2/10/Futebol-Recreativo-Caala-contrata-tecnico-Antonio-Sayombo,2ae72c17-8074-4c85-8bf8-830fcfe40059.html",Clube_Recreativo_da_Caála,0,5226316
https://today.archive.,"/20171127233107/http://www.angop.ao/angola/pt_pt/noticias/desporto/2011/4/18/Vitor-Manuel-demitido-comando-tecnico-Caala,0259480d-65d6-49dc-8d41-10ef7baeb8b4.html",Clube_Recreativo_da_Caála,0,5226316
https://today.archive.,"/20171128115830/http://www.angop.ao/angola/pt_pt/noticias/desporto/2013/6/31/Formosinho-demitido-comando-tecnico-Caala,fc3c504e-2b85-4f91-81df-b5340ffda7a6.html",Clube_Recreativo_da_Caála,0,5226316
https://today.archive.,"/20171128110651/http://www.angop.ao/angola/pt_pt/noticias/desporto/2014/4/20/Girabola-Treinador-Caala-demite,47c66cc5-cbab-4b87-80b0-bddd8b5f28dc.html?version=mobile",Clube_Recreativo_da_Caála,0,5226316
https://today.archive.,/20150105200601/http://www.diariobae.com/notas/50935-tecnologia-local-extendera-vida-util-de-central-nuclear-embalse-y-gestara-un-mercado-nacional.html,Comisión_Nacional_de_Energía_Atómica,0,210800
https://today.archive.,/20131024042315/http://www.periodicoexpress.com.mx/nota.php?id=1329,Compostela_(Nayarit),0,90615
https://today.archive.,/20151113084158/http://www.xishang.es/2015/09/%E7%94%BB%E5%B1%95-%E8%A3%85x%E6%8C%87%E5%8D%97%EF%BC%88%E5%B9%B2%E8%B4%A7%E8%B4%B4%EF%BC%89%E5%A6%88%E5%A6%88%E5%86%8D%E4%B9%9F%E4%B8%8D%E7%94%A8%E6%8B%85%E5%BF%83%E7%9C%8B%E4%B8%8D%E6%87%82/,Consuelo_Hernández_(pintora),0,5221342
https://today.archive.,/20120628232550/http://www.milenio.com/cdb/doc/impreso/7049038,Cotija_de_la_Paz,0,1944624
https://today.archive.,/20171005164555/https://animalespedia.com/reptiles/cocodrilo-del-orinoco-crocodylus-intermedius/,Crocodylus_intermedius,0,245923
https://today.archive.,/20171019163723/https://blog.lengua-e.com/2017/etimologia-de-cocodrilo/,Crocodylus_intermedius,0,245923
https://today.archive.,/20171130161327/http://www.nytimes.com/2013/12/26/world/americas/venezuelas-fitful-effort-to-save-a-scaly-predator.html,Crocodylus_intermedius,0,245923
https://today.archive.,/20171002171335/https://books.google.fr/books?id=WMMPAAAAQAAJ&lpg=PA343&ots=_R8vy1n3mF&pg=PA343&hl=fr%23v=onepage&q&f=false#v=onepage&q&f=false,Crocodylus_intermedius,0,245923
https://today.archive.,"/20160507012237/http://noticias.terra.com.mx/mexico/estados/logro-cuernavaca-hermanamiento-con-diversas-ciudades-en-2015,f5a4f23591554ef52e29f18076ad0d39umj05ww9.html",Cuernavaca,0,9116
https://today.archive.,/20161116235436/http://www.oem.com.mx/esto/notas/n1393325.htm,Cultura_del_estado_de_Hidalgo,0,8113801
https://today.archive.,/20120909215305/http://www.oem.com.mx/elmexicano/notas/n2231310.htm,Cultura_del_estado_de_Hidalgo,0,8113801
https://today.archive.,/20150905194442/http://www.oem.com.mx/elsoldezamora/notas/n3778336.htm,Cultura_del_estado_de_Hidalgo,0,8113801
https://today.archive.,/20141225181309/http://www.oem.com.mx/elsoldemexico/notas/n685718.htm,Cultura_del_estado_de_Hidalgo,0,8113801
https://today.archive.,/20130413154558/http://coedeh.hidalgo.gob.mx/index.php?option=content&task=view&id=82,Cultura_del_estado_de_Hidalgo,0,8113801
https://today.archive.,/20160106050337/http://cultura.hidalgo.gob.mx/index.php?option=com_content&view=article&id=1743:byron-galvez&catid=173:artistas-plasticos&Itemid=195,Cultura_del_estado_de_Hidalgo,0,8113801
https://today.archive.,/20160106050339/http://cultura.hidalgo.gob.mx/index.php?option=com_content&view=article&id=3034&Itemid=286,Cultura_del_estado_de_Hidalgo,0,8113801
https://today.archive.,/20071106192643/http://content.herbalgram.org/seelecttea/herbalgram/articleview.asp?a=772,Cyrus_Longworth_Lundell,0,1826761
https://today.archive.,/20071106192643/http://content.herbalgram.org/seelecttea/herbalgram/articleview.asp?a=772,Cyrus_Longworth_Lundell,1,1826967
https://today.archive.,/20130928102134/http://www.seasteading.org/ambassadors/%23dandv#dandv,Dan_Dascalescu,0,6017920
https://today.archive.,/20120722042735/http://www.chartstats.com/artistinfo.php?id=707,Daniel_Powter,0,329086
https://today.archive.,/20130718034827/http://mundoinformativohidalgo.wordpress.com/2011/05/27/daniel-resendiz-nunez-premio-nacional-de-ingenieria/,Daniel_Reséndiz_Núñez,0,5918281
https://today.archive.,/20120629094930/http://www.google.com/hostednews/afp/article/ALeqM5h-kJ2Dfe_ZB9JkPR-x9iDy3loUMA?docId=CNG.36f5e889c0d64871328241ecd555cc8a.511,Daniela_Castillo,0,476036
https://today.archive.,/20120721093242/http://adultfyi.com/read.php?ID=27022,Danielle_Foxxx,0,7509318
https://today.archive.,/20130110134359/http://www.adultfyi.com/read.php?ID=17316,Danielle_Foxxx,0,7509318
https://today.archive.,/20121216053608/http://blog.moviefone.com/2008/06/04/emmy-rossum-accepts-the-dare/,Dare_(película),0,4664550
https://today.archive.,/20120715073740/http://findarticles.com/p/articles/mi_m0EIN/is_2003_Feb_26/ai_98082015/,Daredevil_(película),0,333880
https://today.archive.,/20120630175253/http://www.montrealmirror.com/ARCHIVES/2004/042904/cover_news.html,Darren_James,0,4362738
https://today.archive.,/20131121000017/http://www.qcitymetro.com/news/articles/dorothy_countsscoggins_to_receive_public_apology075125165.cfm,Dorothy_Counts,0,8226365
https://today.archive.,/20131121000017/http://www.qcitymetro.com/news/articles/dorothy_countsscoggins_to_receive_public_apology075125165.cfm,Dorothy_Counts,1,8386195
https://today.archive.,/20141228032517/http://shop.anatekcorp.com/clientuploads/directory/products/2003esrchart.jpg,ESR_(electrónica),0,6551612
https://today.archive.,/20130713185546/http://www.bncatalogo.cl/F/A2XI2DGLJKC9LMLI2AIPQV1S2SNQJEB566ECPUFYT8BY7IS2B3-40363?func=full-set-set&set_number=135455&set_entry=000001&format=999,El_Expreso_de_la_Costa,0,4846808
https://today.archive.,/20130713185906/http://www.bncatalogo.cl/F/A2XI2DGLJKC9LMLI2AIPQV1S2SNQJEB566ECPUFYT8BY7IS2B3-40833?func=item-global&doc_library=BNC01&doc_number=000996998&year=&volume=&sub_library=,El_Expreso_de_la_Costa,0,4846808
https://today.archive.,"/20150126140505/http://noticias.terra.com.ar/sociedad/el-comic-el-viejo-desembarca-en-argentina,d589983c717a0410VgnCLD2000000ec6eb0aRCRD.html",El_Viejo_(historieta),0,8307692
https://today.archive.,/20110612081447/http://www.explored.com.ec/noticias-ecuador/pedro-aguayo-es-el-nuevo-vicepresidente-66355-66355.html,Elecciones_vicepresidenciales_de_Ecuador_de_1998,0,8188479
https://today.archive.,/20130411071337/http://www.london2012.com/athlete/fahlin-emilia-1018147/,Emilia_Fahlin,0,5551031
https://today.archive.,/20130125080559/http://www.highbeam.com/Search?searchTerm=Emporis+Completes+Multi-Million+Euro+Financing+Round+to+Drive+Growth.&searchType=Article&currentPage=0&orderBy=,Emporis,0,6105903
https://today.archive.,/20141208150935/http://www.eldia.com.ar/edis/20131009/Desmienten-venta-linea-Este-colectivos-laciudad17.htm,Empresa_Línea_Siete,0,6603513
https://today.archive.,/20160729004834/http://www.amprofon.com.mx/top-album.php,Energía_(álbum),0,7494528
https://today.archive.,"/20171127121623/http://www.angop.ao/angola/pt_pt/noticias/desporto/2015/9/40/Futebol-Maio-sagra-campeao-nacional-segunda-divisao,c5fe64fa-b11a-4365-a560-f5660dd256ab.html",Estrela_Clube_Primeiro_de_Maio,0,5181720
https://today.archive.,"/20171127001956/http://www.angop.ao/angola/pt_pt/noticias/desporto/2004/4/20/Futebol-Napoleao-Brandao-novo-tecnico-Maio-Benguela,a8f9b333-2834-4e0f-8faa-33ffd4944cb6.html",Estrela_Clube_Primeiro_de_Maio,0,5181720
https://today.archive.,"/20171127004005/http://www.angop.ao/angola/pt_pt/noticias/desporto/2004/11/50/Futebol-Agostinho-Tramagal-assume-comando-tecnico-Maio-Benguela,4e67291f-a211-4116-971c-e73203a816dd.html",Estrela_Clube_Primeiro_de_Maio,0,5181720
https://today.archive.,"/20171127004053/http://www.angop.ao/angola/pt_pt/noticias/desporto/2005/4/20/Futebol-Agostinho-Tramagal-rescindiu-contrato-com-Maio,3c2cecbd-1fdc-42e6-9cb8-945f925d2436.html",Estrela_Clube_Primeiro_de_Maio,0,5181720
https://today.archive.,"/20171127003329/http://www.angop.ao/angola/pt_pt/noticias/desporto/2009/9/43/Afastado-tecnico-Maio-Benguela,28a147ab-1572-4b28-b87f-6fe7b1ad67fa.html",Estrela_Clube_Primeiro_de_Maio,0,5181720
https://today.archive.,"/20171127003636/http://www.angop.ao/angola/pt_pt/noticias/desporto/2009/0/3/Joao-Almeida-apresentado-como-tecnico-Maio-Benguela,df58fdf1-7a2a-49f2-9619-4394cd5e448a.html",Estrela_Clube_Primeiro_de_Maio,0,5181720
https://today.archive.,"/20171127120001/http://www.angop.ao/angola/pt_pt/noticias/desporto/2009/2/11/Tecnico-Maio-demite-por-maus-resultados-Girabola2009,48cca973-56c0-4369-981d-b0e50167c9ec.html",Estrela_Clube_Primeiro_de_Maio,0,5181720
https://today.archive.,"/20171127002327/http://www.angop.ao/angola/pt_pt/noticias/desporto/2011/8/38/Maio-apresenta-novo-tecnico,ea5a81de-3e3d-4aa5-85f0-87d4e9374fee.html",Estrela_Clube_Primeiro_de_Maio,0,5181720
https://today.archive.,"/20171127004204/http://www.angop.ao/angola/pt_pt/noticias/desporto/2015/0/4/Futebol-Finda-Mozer-novo-treinador-Maio,592cfaeb-b4ae-4273-80cb-29585c6eb99e.html",Estrela_Clube_Primeiro_de_Maio,0,5181720
https://today.archive.,/20141220203036/http://mowianamiescie.pl/czy-istnialo-zycie-przed-openerem-krotka-historia-polskich-festiwali-muzycznych/,Festival_Woodstock_Polonia,0,8271931
https://today.archive.,/20130413150950/http://archivo.lajornadamichoacan.com.mx/2011/07/25/index.php?section=cultura&article=013n1cul,Festival_de_Canto_''Ars_Vocalis_México'',0,4870519
https://today.archive.,/20120715174257/http://reports.chessdom.com/news-2009/abu-dhabi-chess-2009,Festival_de_ajedrez_de_Abu_Dabi,0,7719668
https://today.archive.,/20151106154046/http://www.mtv.com/news/2176762/2015-xxl-freshman-class-cover/,Fetty_Wap,0,7082732
https://today.archive.,/20151106191109/http://www.billboard.com/photos/6597743/fetty-wap-day-in-the-life-miami-exclusive/1,Fetty_Wap,0,7082732
https://today.archive.,/20130412050543/http://personales.ya.com/rpmg/cga/libcomhis/node75.html,Feudalismo_en_España,0,2544007
https://today.archive.,/20120630095758/http://motor.terra.es/novedades-coches/articulo/fiat-panda-nueva-version--67638.htm,Fiat_Panda,0,3671724
https://today.archive.,/20130412143923/http://www.autopista.es/pruebas-coches/articulo/nuevo-fiat-panda-prueba-utilitario-72387.htm,Fiat_Panda,0,3671724
https://today.archive.,/20130412150510/http://www.autopista.es/novedades-coches/articulo/fiat-panda4x4-nuevo-84807.htm,Fiat_Panda,0,3671724
https://today.archive.,/20130429204847/http://www.autopista.es/4x4-todo-terreno/pruebas/articulo/fiat-panda-4x4-trekking-pueba-87864.htm,Fiat_Panda,0,3671724
https://today.archive.,/20130412150809/http://www.autopista.es/novedades-coches/articulo/fiat-panda-van-vehiculo-comercial-83014.htm,Fiat_Panda,0,3671724
https://today.archive.,/20120710172954/http://motor.terra.es/novedades-coches/articulo/fiat-viaggio-china-79166.htm,Fiat_Viaggio,0,5144687
https://today.archive.,/20130412141439/http://www.autopista.es/novedades-coches/articulo/fiat-viaggio-salon-pekin-china-78816.htm,Fiat_Viaggio,0,5144687
https://today.archive.,/20130106131625/http://www.iec.csic.es/CRIPTONOMICON/comercio/ecash.html#selection-80.0-80.1,Firma_digital_ciega,0,1301276
https://today.archive.,/20130104173340/http://pornvalleynews.com/home/archives/2006/03/flower-tucci-interview.html,Flower_Tucci,0,1335307
https://today.archive.,/20130630094810/http://www.terra.com/deportes/articulo/html/fox399817.htm,Francis_Gillot,0,5798600
https://today.archive.,/20130412055206/http://quienesquien.cip.cu/personalidades/francisco-de-frias-jacott/,Francisco_de_Frías_y_Jacott,0,4419404
https://today.archive.,/20120718081008/http://acd.ufrj.br/fronteiras/pesquisa/fronteira/p02mono01map3a.jpg,Frontera_entre_Brasil_y_Guyana,0,4478055
https://today.archive.,/20120702223214/http://www.jo37.btinternet.co.uk/faroes/shipstory.htm,Fugloy,0,186900
https://today.archive.,/20130102123940/http://www.chartstats.com/artistinfo.php?id=7797,Fun_Lovin'_Criminals,0,4110473
https://today.archive.,/20171127133254/http://www.laprovence.com/actu/en-direct/4646850/national-diawara-et-niang-debarquent-a-consolat.html,Atlético_Marsella,0,5941634
https://today.archive.,/20120630133105/http://www4.gencat.cat:82/BASIS/dogc/TOTAL/text_catala/DDD/91058095.htm,Gaietà_Renom,0,8206720
https://today.archive.,/20130103064858/http://www.honeywell.com/sites/portal?smap=aerospace&page=Century-MSP-FlatRate&theme=T6,Garrett_TPE331,0,5034479
https://today.archive.,/20130103112051/http://www.honeywell.com/sites/portal?smap=aerospace&page=TPE331_Engine_Conversion_TPE&theme=T6,Garrett_TPE331,0,5034479
https://today.archive.,/20130103064858/http://www.honeywell.com/sites/portal?smap=aerospace&page=Century-MSP-FlatRate&theme=T6,Garrett_TPE331,1,5034744
https://today.archive.,/20130103112051/http://www.honeywell.com/sites/portal?smap=aerospace&page=TPE331_Engine_Conversion_TPE&theme=T6,Garrett_TPE331,1,5034744
https://today.archive.,/20130308091217/http://www.deia.com/2011/10/16/sociedad/euskadi/caritas-acusa-a-zabaleta-de-justificar-en-un-fraude-ficticio-el-recorte-de-ayudas,Gemma_Zabaleta,0,5387130
https://today.archive.,/20130413133701/http://awards.emn.kr/news/index.php?tcode=aw02_05&qsort=wr_good&qord=desc,Go_Joon-hee,0,8375092
https://today.archive.,/20150922232038/http://www.hjck.com/personajes/gonzalo-rueda-caro--1921-1993/20130816/nota/1952317.aspx,Gonzalo_Rueda_Caro,0,7719917
https://today.archive.,"/20171127180500/http://www.angop.ao/angola/pt_pt/noticias/desporto/2006/8/37/Futebol-Romeu-Silva-demitido-Interclube,c075d14e-9dde-479d-a06b-5a2b824053eb.html",Grupo_Desportivo_Interclube,0,5192375
https://today.archive.,"/20171127173521/http://www.angop.ao/angola/pt_pt/noticias/desporto/2006/9/42/Futebol-Carlos-Mozer-treina-Interclube-por-dois-anos,3beb23ec-6137-48a7-9c02-d388469d8c00.html",Grupo_Desportivo_Interclube,0,5192375
https://today.archive.,"/20171127173036/http://www.angop.ao/angola/pt_pt/noticias/desporto/2009/7/34/Interclube-rescinde-com-Augusto-Inacio,f4173ce5-bfa5-4f0c-88ab-6577c6e1742d.html",Grupo_Desportivo_Interclube,0,5192375
https://today.archive.,"/20171127173608/http://www.angop.ao/angola/pt_pt/noticias/desporto/2011/2/13/Interclube-rescinde-contrato-com-Alvaro-Magalhaes,d2e8a44c-c0fb-4a5a-a2c2-c8f4967b211e.html",Grupo_Desportivo_Interclube,0,5192375
https://today.archive.,"/20171127173942/http://www.angop.ao/angola/pt_pt/noticias/desporto/2011/4/19/Tecnico-Antonio-Caldas-assume-Interclube-por-duas-epocas,ca738b1b-6d38-4e14-8621-d87d22c83a3c.html",Grupo_Desportivo_Interclube,0,5192375
https://today.archive.,"/20171127174107/http://www.angop.ao/angola/pt_pt/noticias/desporto/2012/3/16/Antonio-Caldas-demitido-Interclube,fda09037-c4e5-4489-88da-ac491fbc233e.html",Grupo_Desportivo_Interclube,0,5192375
https://today.archive.,"/20171128040655/http://www.angop.ao/angola/pt_pt/noticias/desporto/2014/3/18/Interclube-demite-tecnico-Misard-Omerhodzic,ff352825-4814-415b-bf6b-7d3c30bd2f13.html",Grupo_Desportivo_Interclube,0,5192375
https://today.archive.,/20171126160413/http://jornaldosdesportos.sapo.ao/23/0/ekrem__asma_renova_com_sagrada_esperana,Grupo_Desportivo_Sagrada_Esperança,0,5224807
https://today.archive.,"/20171128122542/http://www.angop.ao/angola/pt_pt/noticias/desporto/2002/3/15/,4c9888d0-73e4-422a-bef6-2fb7b123821a.html",Grupo_Desportivo_Sagrada_Esperança,0,5224807
https://today.archive.,"/20171128121826/http://www.angop.ao/angola/pt_pt/noticias/desporto/2002/3/15/,ec1f74b0-b05d-4ae8-bbdb-5ea0f2fb93f0.html",Grupo_Desportivo_Sagrada_Esperança,0,5224807
https://today.archive.,"/20171128122212/http://www.angop.ao/angola/pt_pt/noticias/desporto/2003/0/2/,8f83aed3-34db-4c20-b67e-60f2a9185fcb.html",Grupo_Desportivo_Sagrada_Esperança,0,5224807
https://today.archive.,"/20171128120844/http://www.angop.ao/angola/pt_pt/noticias/desporto/2008/10/45/Sagrada-Esperanca-despede-treinador-apos-despromocao,9aeb7011-2a17-4c4c-969c-bb28de664fc9.html",Grupo_Desportivo_Sagrada_Esperança,0,5224807
https://today.archive.,"/20171128123616/http://www.angop.ao/angola/pt_pt/noticias/desporto/2010/3/14/Frank-confirmado-como-tecnico-principal-Sagrada-Esperanca,ab141938-e805-46fd-b19f-8df4588b787d.html",Grupo_Desportivo_Sagrada_Esperança,0,5224807
https://today.archive.,/20180201233742/http://www1.folha.uol.com.br/folha/esporte/ult92u60867.shtml,Grêmio_Foot-Ball_Porto_Alegrense,0,439097
https://today.archive.,"/20180201234524/http://clicrbs.com.br/especial/sc/qualidade-de-vida-sc/19,0,1691743,",Grêmio_Foot-Ball_Porto_Alegrense,0,439097
https://today.archive.,/20180216203239/http://ec.europa.eu/regional_policy/es/projects/spain/andalusia-against-the-digital-divide,Guadalinfo,0,988541
https://today.archive.,/20120719122211/http://www.billboard.com/bbcom/charts%23/charts/dance-club-play-songs?chartDate=2006-11-04#/charts/dance-club-play-songs?chartDate=2006-11-04,Helena_Paparizou,0,136198
https://today.archive.,/20120307131809/http://www.montepiopachuca.com/historia.html,Historia_de_Pachuca_de_Soto,0,3162373
https://today.archive.,/20150901030916/http://www.oem.com.mx/esto/notas/n895356.htm,Historia_de_Pachuca_de_Soto,0,3162373
https://today.archive.,/20120630082337/http://www.oem.com.mx/elsoldehidalgo/notas/n2297221.htm,Historia_de_Pachuca_de_Soto,0,3162373
https://today.archive.,/20130413180407/http://www.oem.com.mx/elsoldehidalgo/notas/n1982417.htm,Historia_de_Pachuca_de_Soto,0,3162373
https://today.archive.,/20150830191614/http://www.oem.com.mx/elsoldehidalgo/notas/n3403822.htm,Historia_de_Pachuca_de_Soto,0,3162373
https://today.archive.,/20150830191614/http://www.oem.com.mx/elsoldezamora/notas/n3824925.htm,Historia_de_Pachuca_de_Soto,0,3162373
https://today.archive.,/20150107170139/http://www.oem.com.mx/elsoldehidalgo/notas/n1129007.htm,Historia_de_Pachuca_de_Soto,0,3162373
https://today.archive.,/20150830195317/http://www.oem.com.mx/elsoldedurango/notas/n3698874.htm,Historia_de_Pachuca_de_Soto,0,3162373
https://today.archive.,/20120630082314/http://www.oem.com.mx/esto/notas/n658325.htm,Historia_de_Pachuca_de_Soto,0,3162373
https://today.archive.,/20161026094346/http://www.oem.com.mx/elsoldehidalgo/notas/n4230127.htm,Historia_de_Pachuca_de_Soto,0,3162373
https://today.archive.,/20150917042351/http://www.oem.com.mx/esto/notas/n1371189.htm,Historia_de_Pachuca_de_Soto,0,3162373
https://today.archive.,/20130413150537/http://www.oem.com.mx/laprensa/notas/n2644994.htm,Historia_de_Pachuca_de_Soto,0,3162373
https://today.archive.,/20120630082303/http://www.oem.com.mx/esto/notas/n1334863.htm,Historia_de_Pachuca_de_Soto,0,3162373
https://today.archive.,/20141229060335/http://www.oem.com.mx/elsoldehidalgo/notas/n2052189.htm,Historia_de_Pachuca_de_Soto,0,3162373
https://today.archive.,/20150904225535/http://www.trielectoralhidalgo.org.mx/historiaGobernadores.php,Historia_de_Pachuca_de_Soto,0,3162373
https://today.archive.,/20150831003957/http://www.oem.com.mx/elsoldehidalgo/notas/n3300812.htm,Historia_de_Pachuca_de_Soto,0,3162373
https://today.archive.,/20120703173449/http://www.cnnexpansion.com/bicentenario/2010/08/26/bicentenario-historia-aviacion-mexico,Historia_de_Pachuca_de_Soto,0,3162373
https://today.archive.,/20130413145352/http://www.oem.com.mx/laprensa/notas/n2662730.htm,Historia_de_Pachuca_de_Soto,0,3162373
https://today.archive.,/20120909215305/http://www.oem.com.mx/elmexicano/notas/n2231310.htm,Historia_de_Pachuca_de_Soto,0,3162373
https://today.archive.,/20150904225452/http://www.oem.com.mx/elsoldehidalgo/notas/n2441726.htm,Historia_de_Pachuca_de_Soto,0,3162373
https://today.archive.,/20130413152807/http://www.oem.com.mx/elsoldehidalgo/notas/n1945502.htm,Historia_de_Pachuca_de_Soto,0,3162373
https://today.archive.,/20120629063554/http://www.oem.com.mx/elsoldehidalgo/notas/n854855.htm,Historia_de_Pachuca_de_Soto,0,3162373
https://today.archive.,/20160912120354/http://www.oem.com.mx/elsoldehidalgo/notas/n3498700.htm,Historia_de_Pachuca_de_Soto,0,3162373
https://today.archive.,/20160408033507/http://www.oem.com.mx/elsoldezamora/notas/n4122424.htm,Historia_de_Pachuca_de_Soto,0,3162373
https://today.archive.,/20160408033519/http://elsoldemexico.com.mx/republica/169044-retiran-los-escombros-que-dejo-un-incendio-en-mercado-de-pachuca,Historia_de_Pachuca_de_Soto,0,3162373
https://today.archive.,/20120703031628/http://www.realmadrid.com/cs/Satellite/es/1202774859779/noticia/NoticiaComentario/undefined,Historia_del_Real_Madrid_Club_de_Fútbol,0,5099708
https://today.archive.,/20121230131227/http://www.heraldsun.com.au/news/breaking-news/hurricane-jimena-threatens-mexican-coast/story-e6frf7k6-1225768118053,Huracán_Jimena_(2009),0,2979998
https://today.archive.,/20171125231354/http://www.gp.se/sport/fotboll/poya-asbaghi-%C3%A4r-ifk-g%C3%B6teborgs-nye-tr%C3%A4nare-1.4847944,IFK_Göteborg,0,187484
https://today.archive.,/20150710175416/http://archivo.larepublica.pe/16-08-2013/madonna-cumple-55-anos-la-reina-del-pop-que-nunca-dejo-de-sorprender-a-su-audiencia,Impacto_cultural_de_Madonna,0,6935615
https://today.archive.,/20171122124112/http://www.transparenciafiscal.gob.sv/ptf/es/MarcoNormativo/AdministracinTributaria.html#_vTab585,Impuesto_al_valor_agregado,0,84737
https://today.archive.,/20121019011416/http://www.computerworld.com/s/article/9002001/Two_Iron_Mountain_facilities_hit_by_fire,Iron_Mountain_Incorporated,0,7420115
https://today.archive.,/20130414174306/http://www.deathrecordsnow.org/california-death-records/michael-jackson-is-it-scary-death-row-remix-unreleased-1997,Is_It_Scary,0,5312488
https://today.archive.,/20130413191327/http://www.reportedigital.com.mx/noticia-imprimir/14081.html/,Ixtapan_de_la_Sal,0,1706989
https://today.archive.,/20130620172416/http://www.achirem.org/index.php?option=com_content&task=view&id=2412&Itemid=40/,Ixtapan_de_la_Sal,0,1706989
https://today.archive.,/20120630042347/http://www.stuff.co.nz/dominion-post/sport/local-sport/4152577/Its-still-a-spectator-sport-for-former-All-Whites-goalie,James_Bannatyne,0,2522106
https://today.archive.,/20120630042347/http://www.stuff.co.nz/dominion-post/sport/local-sport/4152577/Its-still-a-spectator-sport-for-former-All-Whites-goalie,James_Bannatyne,1,5778254
https://today.archive.,/20151029011846/http://www.theguardian.com/music/2015/feb/28/the-ballad-of-james-bay-chaos-and-calm,James_Bay,0,7090591
https://today.archive.,/20151026034133/http://www.hbs.herts.sch.uk/do/content/article/1104/information,James_Bay,0,7090591
https://today.archive.,/20160913234601/http://www.aria.com.au/documents/ARIAChartsmediarelease17Jan2015.pdf,James_Bay,0,7090591
https://today.archive.,/20150402092538/http://www.musicweek.com/news/read/official-charts-analysis-james-bay-debuts-at-no-1-on-albums-chart/061331,James_Bay,0,7090591
https://today.archive.,/20151030044721/http://www.jamesbay.com/live/,James_Bay,0,7090591
https://today.archive.,/20151029021754/http://www.mtv.co.uk/taylor-swift/news/taylor-swift-announces-james-bay-and-vance-joy-as-support-for-1989-tour,James_Bay,0,7090591
https://today.archive.,/20151127171321/http://musicfeeds.com.au/news/tame-impala-courtney-barnett-more-land-early-2015-aria-award-nominations/%23/slide/1#/slide/1,James_Bay,0,7090591
https://today.archive.,/20160604154911/http://www.forbes.com/sites/hughmcintyre/2016/05/20/adele-wins-big-again-at-the-2016-ivor-novello-awards/%23329aaf03d328#329aaf03d328,James_Bay,0,7090591
https://today.archive.,/20151210073447/http://www.reuters.com/article/us-qawards-idUSKCN0SD2L320151019%23xHzm0EC16XeZCckC.97#xHzm0EC16XeZCckC.97,James_Bay,0,7090591
https://today.archive.,/20151211223529/http://www.theguardian.com/music/2015/may/28/jamie-xx-smith-solo-debut-album-in-colour,Jamie_xx,0,7213738
https://today.archive.,/20151213041700/http://exclaim.ca/music/article/nocturnal_emissions_of_xx,Jamie_xx,0,7213738
https://today.archive.,/20151211184324/http://www.bpi.co.uk/certified-awards/mercury-prize-nominee-jamie-xx-goes-silver.aspx,Jamie_xx,0,7213738
https://today.archive.,/20151220162202/http://www.spin.com/2015/12/jamie-xx-producer-of-the-year-2015-the-xx-young-thug-in-colour/,Jamie_xx,0,7213738
https://today.archive.,/20151220170856/http://www.spin.com/2015/11/the-101-best-songs-of-2015/5/,Jamie_xx,0,7213738
https://today.archive.,/20160124110842/http://www.africultures.com/php/index.php?nav=personne&no=40429,Jocelyne_Trouillot,0,8401788
https://today.archive.,/20130426023345/http://www.futbolenaragon.com/?ver=noticia&categoria=11&nid=6068,Joel_Valencia,0,5668024
https://today.archive.,/20160124200732/http://www.capitalfm.com/artists/john-newman/news/cheating-music-video/%23bQmVgy5ifBlwdquT.97,John_Newman,0,5961313
https://today.archive.,/20150205142656/http://www.masqlen.com/interview-of-johnny-sins.html,Johnny_Sins,1,6633417
https://today.archive.,/20120527064318/http://mmajunkie.com/news/18446/jon-fitch-replaces-jake-ellenberger-meets-ben-saunders-on-ufc-111-main-card.mma,Jon_Fitch,0,6110517
https://today.archive.,/20130413133701/http://awards.emn.kr/news/index.php?tcode=aw02_05&qsort=wr_good&qord=desc,Kim_Nam-joo,0,8424743
https://today.archive.,/20120629131732/http://www.semana.com/nacion/falsos-positivos-mortales/115958-3.aspx,Juan_Manuel_Santos,0,6027374
https://today.archive.,/20120629131748/http://www.semana.com/nacion/hermano-falso-positivo/117023-3.aspx,Juan_Manuel_Santos,0,6027374
https://today.archive.,/20120629052217/http://www.semana.com/justicia/renuncio-general-montoya/117362-3.aspx,Juan_Manuel_Santos,0,6027374
https://today.archive.,/20130617074231/http://www.congresonacional.tv/index.php?option=com_content&view=article&id=289:seguridad-tema-clave-en-la-agenda-del-presidente-del-congreso-nacional&catid=36:noticias,Juan_Orlando_Hernández,0,5793458
https://today.archive.,/20140605180808/http://www.codart.com/news/485/,Judith_Leyster,0,1224867
https://today.archive.,/20121230053712/http://www.planetadeportivo.com.ar/imagenes/S%201994%20valencia.jpg,Juegos_Suramericanos,0,157475
https://today.archive.,/20121210061424/http://www.variety.com/blog/1390000339/post/900016490.html,Juno_(película),0,1419662
https://today.archive.,/20120525191713/http://www.variety.com/awardcentral_article/VR1117977837.html?nav=news&categoryid=1983&cs=1,Juno_(película),0,1419662
https://today.archive.,/20120525191713/http://www.variety.com/awardcentral_article/VR1117980615.html,Juno_(película),0,1419662
https://today.archive.,/20120525191714/http://www.variety.com/awardcentral_article/VR1117981367.html,Juno_(película),0,1419662
https://today.archive.,"/20171128040234/http://www.angop.ao/angola/pt_pt/noticias/desporto/2014/5/26/Futebol-Tecnico-Antranik-afastado-Kabuscorp,edb89683-0ad3-4b22-9079-aecdc4381db6.html",Kabuscorp_Sport_Clube_do_Palanca,0,6120299
https://today.archive.,/20130308053209/http://www.de-leon.com/default.asp?t=Poblaci%F3n&act=3&id=65,La_Urz,0,5318281
https://today.archive.,/20150717083945/http://www.imd.gov.in/section/nhac/static/cyclone-history-bb.htm,La_canica_azul,0,482980
https://today.archive.,/20180210182800/http://wuni2017.sportresult.com/fisu/en/-60/Comp/Info/ResultList/STM005801,Lin_Xiaojun,0,8355750
https://today.archive.,/20180210182804/http://wuni2017.sportresult.com/fisu/en/-60/Comp/Info/ResultList/STM005304,Lin_Xiaojun,0,8355750
https://today.archive.,/20180210181605/http://wuni2017.sportresult.com/fisu/en/-60/Comp/Info/ResultList/STM005201,Lin_Xiaojun,0,8355750
https://today.archive.,/20180210181847/http://wuni2017.sportresult.com/fisu/en/-60/Comp/Info/ResultList/STM005101,Lin_Xiaojun,0,8355750
https://today.archive.,/20180210183944/http://wuni2017.sportresult.com/fisu/en/-60/Comp/Info/ResultList/STM450201,Lin_Xiaojun,0,8355750
https://today.archive.,/20180210183948/http://wuni2017.sportresult.com/fisu/en/-60/Comp/Info/ResultList/STM450101,Lin_Xiaojun,0,8355750
https://today.archive.,/20120629205654/http://www.chartstats.com/albuminfo.php?id=11877,Live_at_the_BBC_(álbum_de_The_Beatles),0,1632757
https://today.archive.,/20160113153159/http://www.metallerium.com/entrevistas_det.php?id=36,Lobotomy,0,7251281
https://today.archive.,/20110706084844/http://www.capif.org.ar/Default.asp?PerDesde_MM=0&PerDesde_AA=0&PerHasta_MM=0&PerHasta_AA=0&interprete=&album=&LanDesde_MM=1&LanDesde_AA=1980&LanHasta_MM=12&LanHasta_AA=2010&Galardon=O&Tipo=1&ACCION2=+Buscar+&ACCION=Buscar&CO=5&CODOP=ESOP,Luciano_(álbum),0,7785992
https://today.archive.,/20130415211244/http://www.pdge-ge.org/noticias/article/el-pdge-renueva-su-consejo,Maelé,0,8235795
https://today.archive.,/20130413095741/http://catania.spacespa.it/museums/modern-art-gallery/C/C2/C2.5,Mafonso,0,7764891
https://today.archive.,/20171212194537/http://www.thehindu.com/todays-paper/tp-sports/Mahindra-United-dethrones-Churchill-to-win-Durand-Cup/article15299061.ece,Mahindra_United,0,5261723
https://today.archive.,/20120904195304/http://www.heraldsun.com.au/news/victoria/samoan-king-dies/story-e6frf7lf-1111113526198,Malietoa_Tanumafili_II,0,149028
https://today.archive.,/20070730102513/http://www.deia.com/es/impresa/2007/02/21/bizkaia/iritzia/339674.php?despiece=1,Manos_Limpias_(España),0,189156
https://today.archive.,/20130628090230/http://ablemedia.com/ctcweb/consortium/ancientweddings2.html,Matrimonio_en_la_Antigua_Grecia,0,7512010
https://today.archive.,/20130727155152/http://www.notiarandas.com/2012/08/es-arandense-capitan-de-la-seleccion-nacional-de-voleibol/,Mauricio_López_Reyes,0,5929693
https://today.archive.,/20180126141020/https://www.abola.pt/Nnh/Noticias/Ver/704619,Clube_de_Desportos_do_Maxaquene,0,5216573
https://today.archive.,/20130411132813/http://www.noticiasdealava.com/2012/09/25/ocio-y-cultura/cultura/secuelas-y-reinvenciones,Mazinger_Z,0,917165
https://today.archive.,/20150420040701/http://www.mcfarlandbooks.com/customers/journals/,McFarland_&_Company,0,8228111
https://today.archive.,/20150420040701/http://www.mcfarlandbooks.com/customers/journals/,McFarland_&_Company,1,8445247
https://today.archive.,/20141228032517/http://shop.anatekcorp.com/clientuploads/directory/products/2003esrchart.jpg,Medidor_de_ESR,0,6551637
https://today.archive.,/20171207002800/https://www.abola.pt/Nnh/Noticias/Ver/700836,Melaka_United_FC,0,7046221
https://today.archive.,/20130306012147/http://ahorainfo.com.ar/2010/05/musica-desde-tilcara-micaela-chauque/,Micaela_Chauque,0,4642672
https://today.archive.,/20170512165855/http://www.elciudadano.cl/chile/mon-laferte-y-su-lado-vegetariano-no-utilizo-nada-de-animales-me-parecia-super-falso-comermelos/03/28/,Mon_Laferte,0,465615
https://today.archive.,/20090408092343/http://www.cadenaglobal.com/noticias/default.asp?not=210810&sec=8,Moneda_global,0,2390999
https://today.archive.,/20180215172210/http://navgtr.org/archives/3351/,Oxenfree,0,8324169
https://today.archive.,/20180314070824/http://navgtr.org/archives/3365/,Oxenfree,0,8324169
https://today.archive.,/20070517171041/http://www.texasmonthly.com/2006-10-01/ministerofhealth.php,Morgellons,0,1691446
https://today.archive.,/20070517171041/http://www.texasmonthly.com/2006-10-01/ministerofhealth.php,Morgellons,1,1941037
https://today.archive.,/20080914105731/http://noticiero.venevision.net/index_not.asp?id_noticia=20080529003601&id_seccion=01,Movimiento_Somos_Venezuela,0,1702826
https://today.archive.,/20130701025339/http://www.rtv.de/artikel/18802/muriel-baumeister.html,Muriel_Baumeister,0,5837040
https://today.archive.,/20130701025339/http://www.rtv.de/artikel/18802/muriel-baumeister.html,Muriel_Baumeister,1,8451447
https://today.archive.,/20120801014902/http://www.geneve.ch/fao/2006/20060811.asp,Museo,0,4298766
https://today.archive.,/20120801014902/http://www.geneve.ch/fao/2006/20060811.asp,Museo,1,5479083
https://today.archive.,/20180106010250/http://www.elmostrador.cl/braga/2018/01/05/natalia-valdebenito-yo-me-senti-aliviada-cuando-tome-la-decision-de-no-ser-madre/,Natalia_Valdebenito,0,993985
https://today.archive.,/20180113001514/http://stihi.ru/2017/04/21/519,No_para_mí...,0,8303510
https://today.archive.,/20120604015851/http://www.noordzeetexas.be/,North_Sea_Texas,0,7676868
https://today.archive.,/20120604015851/http://www.noordzeetexas.be/,North_Sea_Texas,1,8454707
https://today.archive.,/20120904202651/http://www.nypost.com/p/blogs/popwrap/christina_aguilera_continues_to_y2cnojjzhnHFHLG2qJECsJ,Not_Myself_Tonight,0,3555354
https://today.archive.,/20120904202651/http://www.nypost.com/p/blogs/popwrap/christina_aguilera_continues_to_y2cnojjzhnHFHLG2qJECsJ,Not_Myself_Tonight,1,3652048
https://today.archive.,/20171227204816/https://energiacmc.wikispaces.com/Historia+de+la+energ%C3%ADa+en+el+universo?responseToken=055c868449f97ec3b11e88b8912a2734d#Nucleos%C3%ADntesis%20estelar,Nucleosíntesis_estelar,0,183086
https://today.archive.,/20140516022543/http://oregonmusicnews.com/2013/11/18/a-qa-with-seattles-odesza-in-advance-of-opening-for-pretty-lights-in-portland/,Odesza,0,8234253
https://today.archive.,/20171217120622/https://www.stuff.co.nz/sport/football/domestic/96534566/onehunga-sports-beat-central-united-in-penalty-shootout-to-win-their-first-chatham-cup,Onehunga_Sports,0,7049678
https://today.archive.,/20180219233438/https://docs.venezuela.justia.com/federales/leyes/ley-mediante-la-cual-se-crea-la-condecoracion-de-la-orden-andres-bello.pdf,Orden_de_Andrés_Bello,0,1347894
https://today.archive.,/20171126151631/http://www.sport24.gr/football/omades/Veroia/o-xaralampidhs-neos-proponhths-sth-veroia.4739094.html,PAE_Veria,0,1416904
https://today.archive.,/20130413150124/http://www.oem.com.mx/elsoldetoluca/notas/n1719520.htm,Panteón_Inglés_de_Mineral_del_Monte,0,8348412
https://today.archive.,/20120629065241/http://es.uefa.com/teamsandplayers/players/player=428/profile/index.html,Paolo_Maldini,0,81392
https://today.archive.,/20180124185748/http://www.folhadelondrina.com.br/esporte/caio-junior-deixa-o-parana-clube-435427.html,Paraná_Clube,0,440144
https://today.archive.,/20180124192814/http://www.folhadelondrina.com.br/esporte/barbieri-e-o-novo-tecnico-do-parana-540874.html,Paraná_Clube,0,440144
https://today.archive.,/20180124192925/http://www.folhadelondrina.com.br/esporte/parana-perde-treinador-um-dia-apos-o-titulo-562370.html,Paraná_Clube,0,440144
https://today.archive.,/20180124180432/http://www.folhadelondrina.com.br/esporte/parana-confirma-acerto-com-tecnico-roberto-fonseca-754031.html,Paraná_Clube,0,440144
https://today.archive.,/20120629055505/http://www.efemeridesvenezolanas.com/html/pdvsa.htm,Paro_general_en_Venezuela_de_2002-2003,0,192154
https://today.archive.,/20130413154558/http://coedeh.hidalgo.gob.mx/index.php?option=content&task=view&id=82,Parque_ecológico_Cubitos,1,3610249
https://today.archive.,/20120629105837/http://www.notitarde.com/notitarde/plantillas/nota.aspx?idart=1393227&idcat=9841&tipo=2,Parroquia_Miguel_Peña,0,578523
https://today.archive.,/20180117121604/https://blockchain.gob.ve/2017/12/11/el-petro-la-criptomoneda-venezolana/,Petro_(token),0,8238857
https://today.archive.,/20180117124410/https://blockchain.gob.ve/2017/12/09/creada-superintendencia-de-la-criptomoneda-en-venezuela/,Petro_(token),0,8238857
https://today.archive.,/20180117132113/https://lta.reuters.com/article/domesticNews/idLTAKBN1F52EY-OUSLD,Petro_(token),0,8238857
https://today.archive.,/20180201202714/https://altadensidad.com/gobierno-de-venezuela-pretende-imponer-uso-de-criptomoneda-petro-desplazando-al-bolivar/,Petro_(token),0,8238857
https://today.archive.,/20180117143820/https://www.criptonoticias.com/regulacion/superintendente-criptomoneda-venezolana-reconoce-actos-ilegales-contra-mineros-funcionarios-estado/,Petro_(token),0,8238857
https://today.archive.,/20180426124759/http://www.payot-rivages.fr/payot/livre/calembours-9782228893411,Calambur,0,138477
https://today.archive.,/20180426133616/http://www.nussdorferplatz.at/umgebung/kahlenbgdorf/streich.htm,Calambur,0,138477
https://today.archive.,/20120911081928/http://www.senpaigamer.com/nintendo-wii/pok%C3%A9park-2-beyond-world-release-winter-wii-09132011-2106,PokéPark_Wii:_Pikachu's_Adventure,0,8257369
https://today.archive.,/20120911081928/http://www.senpaigamer.com/nintendo-wii/pok%C3%A9park-2-beyond-world-release-winter-wii-09132011-2106,PokéPark_Wii:_Pikachu's_Adventure,1,8260196
https://today.archive.,/20180427121645/http://www.oalib.com/paper/1103303,Aflatoxina,0,213809
https://today.archive.,/20180427122800/https://scielosp.org/scielo.php?script=sci_arttext&pid=S0036-36342005000500007&lng=es&nrm=iso&tlng=es,Aflatoxina,0,213809
https://today.archive.,/20180427121645/http://www.oalib.com/paper/1103303,Nixtamalización,0,381376
https://today.archive.,/20180427122800/https://scielosp.org/scielo.php?script=sci_arttext&pid=S0036-36342005000500007&lng=es&nrm=iso&tlng=es,Nixtamalización,0,381376
https://today.archive.,/20130418214339/http://taiwanpedia.culture.tw/en/content?ID=1171,Prehistoria_de_Taiwán,0,8230116
https://today.archive.,/20180428113802/https://lta.reuters.com/article/domesticNews/idLTAKCN1G52RI-OUSLD,Petro_(token),0,8238857
https://today.archive.,/20180401153232/https://medium.com/elblogdejavascript/programaci%C3%B3n-funcional-5da872a080fe,Programación_funcional,0,49626
https://today.archive.,"/20171128114424/http://www.angop.ao/angola/pt_pt/noticias/desporto/2007/1/6/Futebol-Joao-Machado-novo-tecnico-Progresso,680f98fa-8429-4720-a77f-d9ab8383141b.html",Progresso_do_Sambizanga,0,6949948
https://today.archive.,/20130209223144/http://www.world-gazetteer.com/wg.php?x=&men=gpro&lng=en&des=wg&geo=-1277&srt=npan&col=adhoq&msz=1500,Provincia_de_Tarfaya,0,8274738
https://today.archive.,/20130209224502/http://www.world-gazetteer.com/wg.php?x=&men=gcis&lng=en&des=wg&geo=-1277&srt=npan&col=adhoq&msz=1500,Provincia_de_Tarfaya,0,8274738
https://today.archive.,/20180430113714/http://deacademic.com/dic.nsf/dewiki/607594/Hermann_G%C3%BCnther_Gra%C3%9Fmann,Hermann_Grassmann,0,86588
https://today.archive.,/20151003144616/http://www.unio.cat/politic/ramon-espadaler-i-parcerisas,Ramon_Espadaler,0,770973
https://today.archive.,/20150208063828/http://volbysr.sk/en/tab01.html,Referéndum_sobre_el_matrimonio_igualitario_en_Eslovaquia_de_2015,0,8393048
https://today.archive.,/20150208063828/http://volbysr.sk/en/tab01.html,Referéndum_sobre_el_matrimonio_igualitario_en_Eslovaquia_de_2015,1,8393049
https://today.archive.,/20130217000601/http://remylacroix.tumblr.com/post/35416357813/unanswered-questions,Remy_LaCroix,0,5640347
https://today.archive.,/20130217000601/http://remylacroix.tumblr.com/post/35416357813/unanswered-questions,Remy_LaCroix,1,8469606
https://today.archive.,/20120703025255/http://www.neowin.net/news/main/09/02/26/windows-7-rc-to-natively-support-to-mov-files,Reproductor_de_Windows_Media,1,4618086
https://today.archive.,/20130412032846/http://www.vinotintosexterior.com/2011/08/riki-kitawaki-un-talento-exotico-en.html#selection-493.39-493.135,Riki_Kitawaki,0,5031575
https://today.archive.,/20121209084519/http://news.in.msn.com/technology/article.aspx?cp-documentid=5526341,Roboto,0,5323582
https://today.archive.,/20061215145424/http://www.thewavemag.com/pagegen.php?pagename=article&articleid=26126,Roderigue_Hortalez_y_Compañía,0,8390796
https://today.archive.,/20120716135435/http://www.japantimes.co.jp/text/nn20070428a6.html%23.UAQdC6go9Rw,Roppongi_Hills_Mori_Tower,0,8466247
https://today.archive.,/20130409025707/http://www.elnorte.com/libre/online07/Impresion/Articulos/default.asp?CategoriaId=40&CategoriaDir=sierramadre&Folder2000=204&ArtFolder=406634&PagAct=1,Rosario_Garza_Sada,1,7167491
https://today.archive.,/20130409025707/http://www.elnorte.com/libre/online07/Impresion/Articulos/default.asp?CategoriaId=40&CategoriaDir=sierramadre&Folder2000=204&ArtFolder=406634&PagAct=1,Rosario_Garza_Sada,0,1278056
https://today.archive.,/20121225054706/http://budetinteresno.narod.ru/toponim/karacun.htm,Río_Karasún,0,7303196
https://today.archive.,/20121225054706/http://budetinteresno.narod.ru/toponim/karacun.htm,Río_Karasún,1,7303202
https://today.archive.,/20131016000102/http://www.oem.com.mx/esto/notas/n802871.htm,Sahuayo_de_Morelos,0,107411
https://today.archive.,/20131016000049/http://www.oem.com.mx/esto/notas/n851725.htm,Sahuayo_de_Morelos,0,107411
https://today.archive.,/20131114013540/http://www.elpinerodelacuenca.com.mx/epc/index.php/policiaca/13902-tuxtepec-y-tierra-blanca-simbolo-de-una-region-sin-fronteras-pacheco-villasenor,San_Juan_Bautista_Tuxtepec,0,48628
https://today.archive.,/20160112212232/http://www.elpinerodelacuenca.com.mx/epc/index.php/tuxtepec/4017-tuxtepec-y-tlacotalpan-ciudades-hermanas/,San_Juan_Bautista_Tuxtepec,0,48628
https://today.archive.,/20160531103339/http://www.media.inaf.it/2016/01/26/bl-lacertae-come-mai-lavevate-vista/#selection-481.0-481.36,Sardinia_Radio_Telescope,0,7748449
https://today.archive.,"/20180425230416/https://news.google.com/newspapers?id=t2wVAAAAIBAJ&sjid=gwsEAAAAIBAJ&pg=3383,3387867",Selección_de_fútbol_de_Filipinas,0,509296
https://today.archive.,/20130126205611/http://www.irb.com/jwrt/news/newsid=2063443.html%23namibia+qualify+jwrt+2013#selection-795.118-795.150,Selección_juvenil_de_rugby_de_Zimbabue,0,7235368
https://today.archive.,/20140401170751/http://www.1up.com/reviews/devil-survivor-2-3ds,Shin_Megami_Tensei:_Devil_Survivor_2,0,8370038
https://today.archive.,/20140521030527/http://gossip.virgilio.it/news/simona-cavallari-incinta-papa-non-famoso-per-terzo-figlio-attrice.html,Simona_Cavallari,0,6307629
https://today.archive.,/20180125113122/http://www1.folha.uol.com.br/folha/esporte/ult92u91455.shtml,Sociedade_Esportiva_Palmeiras,0,164293
https://today.archive.,/20130826185435/http://www.caallboys.com.ar/Notas/prensa.aspx?IDNota=1116,Somos_Floresta,0,5966991
https://today.archive.,/20151025234253/http://ecoalianzaloreto.org/espanol/noticias.html,Ciudades_hermanas_en_México,104,6401292
https://today.archive.,/20150405180439/http://www.bigissue.com/features/letter-my-younger-self/2843/stephen-graham-interview-i-was-about-pack-it-all,Stephen_Graham,0,705344
https://today.archive.,/20120716000134/http://www.1up.com/news/update-sin-punishment-mario-lost,Super_Mario_Bros.:_The_Lost_Levels,1,1139403
https://today.archive.,/20180515101814/http://revistas.ucm.es/index.php/ILUR/article/view/37691,Sutra_de_Vimalakirti,0,8483550
https://today.archive.,/20140707111508/http://sailormoon-official.com/comics/new/no1.php,Tankōbon,0,692209
https://today.archive.,/20120630080528/http://beute.narod.ru/Beutepanzer/uk/MK_V/Mk_V.htm,Mark_V_(carro_de_combate),0,5187725
https://today.archive.,/20161101125431/http://www.hollywoodreporter.com/heat-vision/deadpool-director-tim-miller-developing-sonic-hedgehog-movie-sony-942661,Tim_Miller,0,8387656
https://today.archive.,/20131114034450/http://eldiariodetaxco.com/index.php?option=com_content&view=article&id=29895:locales&catid=19:locales&Itemid=16,Tlacotalpan,0,968625
https://today.archive.,/20130411084840/http://www.milenio.com/cdb/doc/impreso/8928268/,Torreón_(Coahuila),0,5785574
https://today.archive.,/20130411122218/http://noticiasggl.com/durango/buscara-durango-ahora-hermanamiento-con-torreon/,Torreón_(Coahuila),0,5785574
https://today.archive.,/20131119191926/http://www.oem.com.mx/noticiasdelsoldelalaguna/notas/n2848596.htm,Torreón_(Coahuila),0,5785574
https://today.archive.,/20120630064206/http://www.heraldsun.com.au/entertainment/music/meat-loafs-a-hell-raiser/story-e6frf9hf-1111112415532,Total_Eclipse_of_the_Heart,0,2905027
https://today.archive.,/20180113230126/http://www.lest-eclair.fr/52884/article/2018-01-03/estac-un-point-sur-le-mercato,Tours_Football_Club,0,982470
https://today.archive.,/20130306144048/http://adultfyi.com/read.php?ID=24091,Tricia_Devereaux,0,8407551
https://today.archive.,/20130217162332/http://media.yen.gr/atlas/thesi_uk.asp?idthesis=254,Tórico,0,1931775
https://today.archive.,/20171226210704/http://www.panorama.com.ve/politicayeconomia/ANC-aprueba-Ley-sobre-Unidad-Tributaria-Sancionatoria-20171220-0042.html,Unidad_Tributaria,0,5026256
https://today.archive.,/20131115081406/http://www.ummto.dz/spip.php?rubrique1,Universidad_de_Tizi_Ouzou,0,5662556
https://today.archive.,/20131115081506/http://www.ummto.dz/spip.php?rubrique388,Universidad_de_Tizi_Ouzou,0,5662556
https://today.archive.,/20131115081406/http://www.ummto.dz/spip.php?rubrique1,Universidad_de_Tizi_Ouzou,1,8492765
https://today.archive.,/20131115081506/http://www.ummto.dz/spip.php?rubrique388,Universidad_de_Tizi_Ouzou,1,8492765
https://today.archive.,/20120629030636/http://www.deia.com/2011/12/20/politica/estado/barkos-sere-la-voz-de-los-navarros-vasquistas-y-progresistas,Uxue_Barkos,0,96334
https://today.archive.,/20180518235700/http://www.mahamudra.fi/trikaya-tres-cuerpos-de-un-buda/,Vajrasatva,0,8489140
https://today.archive.,/20170930202031/http://www.bbc.co.uk/blogs/strictlycomedancing/entries/b37c848f-3478-4b10-b563-b6b06f6c3f04,Shirley_Ballas,0,8036206
https://today.archive.,/20130411122218/http://noticiasggl.com/durango/buscara-durango-ahora-hermanamiento-con-torreon/,Victoria_de_Durango,1,261656
https://today.archive.,/20130414012001/http://aleph-arts.org/pens/tejerizo.html,Videoarte,0,318853
https://today.archive.,/20130413200448/http://www.segeda.net/eventos/vulcanalia.htm,Vulcano_(mitología),0,9443
https://today.archive.,/20180521014029/http://news.bbc.co.uk/sport2/hi/football/fa_cup/7320356.stm,West_Bromwich_Albion_Football_Club,0,170799
https://today.archive.,/20180424081958/https://www.forbes.com/forbes/1998/0420/6108045a.html,Wired,0,166640
https://today.archive.,/20131205213034/https://twitter.com/chartnews/status/408264578020020224,Wrecking_Ball_(canción),0,5957079
https://today.archive.,/20120628232547/http://www.oem.com.mx/esto/notas/n716163.htm,Xalapa-Enríquez,0,23826
https://today.archive.,/20130413133701/http://awards.emn.kr/news/index.php?tcode=aw02_05&qsort=wr_good&qord=desc,Yoo_In-young,0,8413940
https://today.archive.,/20161122085849/http://www.yomiuri.co.jp/culture/special/tokusatsu/20161122-OYT8T50011.html,Yōko_Nakamura,0,5871700
https://today.archive.,/20120604163118/http://www.zimbio.com/Golden+Globes/articles/bnhAIhHmau-/Review+127+hours+unconventional+movie+high,127_horas,0,4419637
https://today.archive.,/20120604163118/http://www.zimbio.com/Golden+Globes/articles/bnhAIhHmau-/Review+127+hours+unconventional+movie+high,127_horas,1,4441050
https://today.archive.,/20070615012254/http://snoopy81.ifrance.com/rom2.htm,98Lite,0,3886257
https://today.archive.,/20070615012254/http://snoopy81.ifrance.com/rom2.htm,98Lite,1,5822353
https://today.archive.,/20131005154728/http://www.avicoladeseleccion.com/es/pollitos-y-gallinas-de-raza/79-abrocam.html,Abrocam,0,8340002
https://today.archive.,/20150110201611/http://www.oem.com.mx/laprensa/notas/n2860030.htm,Acaxochitlán,0,7846281
https://today.archive.,/20150826074707/http://www.staderennais.com/index.php?rb=22&id=BR9430,Adrien_Hunou,0,7928297
https://today.archive.,/20150211162820/http://www.periodicodesdeboedo.com.ar/pero-hay-tangos-de-protesta/,Al_pie_de_la_Santa_Cruz,0,6604027
https://today.archive.,/20120720045038/http://www.alanbeangallery.com/macbean-story.html,Alan_L._Bean,0,1597108
https://today.archive.,/20121224145053/http://www.ciudadccs.org.ve/?p=93928,Alba_Ciudad_96.3_FM,0,4125492
https://today.archive.,/20161117134808/http://www.bgpedia.it/benigni-luciano/,Alfredo_Rossi,0,7528028
https://today.archive.,/20161117135107/http://www.bgpedia.it/mazzoleni-amleto/,Alfredo_Rossi,0,7528028
https://today.archive.,/20161117135110/http://www.bgpedia.it/nessi-aldo/,Alfredo_Rossi,0,7528028
https://today.archive.,/20130410131358/http://www.awn.com/news/business/abc-entertainment-group-announces-reorganization,American_Broadcasting_Company,0,174305
https://today.archive.,/20130410131358/http://www.awn.com/news/business/abc-entertainment-group-announces-reorganization,American_Broadcasting_Company,1,1418485
https://today.archive.,/20130710212624/http://www.hindu.com/businessline/2001/02/12/stories/14124102.htm,American_International_Group,0,1894852
https://today.archive.,/20130411050813/http://www.jewishpressads.com/printArticle.cfm?contentid=40009,Amon_Göth,0,363722
https://today.archive.,/20130703044248/http://www.caras.com.mx/espia/590013/anahi-day-dia-anahi-volvio-nacer/,Anahí_(cantante),0,4507426
https://today.archive.,/20140604003543/http://www.nwp.org/cs/public/print/resource/3696,Ann_Powers,0,8384556
https://today.archive.,/20070422110226/http://foot2004.rtbf.be/rtbf_2000////bin/view_something.cgi?id=0117715_article&header=none&file=print.html,Anne_Morelli,0,8362091
https://today.archive.,/20141104103028/http://www.revistavisperas.com/mensajes-de-texto-y-otros-mensajes-de-ape-rotoma/,Ape_Rotoma,0,6490892
https://today.archive.,/20180325155230/https://www.novell.com/documentation/apparmor/book_apparmor21_admin/data/bx5bmkc.html,AppArmor,0,1132520
https://today.archive.,/20180110142548/http://www1.folha.uol.com.br/folha/esporte/ult92u87537.shtml,Associação_Portuguesa_de_Desportos,0,1160277
https://today.archive.,/20180405123632/https://www.bcv.org.ve/bcv/subsede-maracaibo,Banco_Central_de_Venezuela,0,856320
https://today.archive.,/20180531170851/http://www.bcv.org.ve/notas-de-prensa/bcv-avanza-en-la-construccion-de-la-subsede-guayana,Banco_Central_de_Venezuela,0,856320
https://today.archive.,/20180405142918/https://www.bcv.org.ve/billetes-y-monedas/bolivar-soberano,Banco_Central_de_Venezuela,0,856320
https://today.archive.,/20101020215458/http://www.producto.com.ve/284/notas/tomoii/portada14.html,Banesco,0,349250
https://today.archive.,/20141106010348/http://wdel.com/story.php?id=63812,Bell_429,0,4828126
https://today.archive.,/20141106010348/http://wdel.com/story.php?id=63812,Bell_429,1,5099928
https://today.archive.,/20180412192356/https://www.bcv.org.ve/marco/decreto-ndeg-3332-mediante-el-cual-se-establece-que-partir-del-04-de-junio-de-2018-se,Bolívar_(moneda),0,7197
https://today.archive.,/20180512133320/http://www.bcv.org.ve/notas-de-prensa/ves-sera-el-codigo-iso-del-bolivar-soberano-partir-del-4-de-junio,Bolívar_(moneda),0,7197
https://today.archive.,/20180512135659/http://www.bcv.org.ve/currency-iso-4217,Bolívar_(moneda),0,7197
https://today.archive.,/20180423133758/https://www.bcv.org.ve/notas-de-prensa/nuevo-cono-monetario-circulara-partir-del-4-de-junio,Bolívar_(moneda),0,7197
https://today.archive.,/20180306120140/https://www.technologyreview.com/s/610392/ethereums-smart-contracts-are-full-of-holes/,Cadena_de_bloques,0,6620616
https://today.archive.,/20130103190514/http://www.miscellanees.com/b/bievre02.htm,Calambur,0,138477
https://today.archive.,/20140114152511/http://www.asavellino.com/notizia.php?id=7547,Camillo_Ciano,0,5369557
https://today.archive.,/20130426003131/http://www.fridaythe13thfilms.com/bts/script3.html,Friday_the_13th_Part_III,0,3017592
https://today.archive.,/20130413234748/http://archivo.elnuevodiario.com.ni/2001/marzo/24-marzo-2001/cultural/cultural4.html,Carlos_Midence,0,5735320
https://today.archive.,/20130929233449/http://www.cvn.org.ve/index.php/regionescvn/item/799-cementerio-municipal-fiscalizado-por-la-contralor%C3%ADa-de-valencia,Cementerio_municipal_de_Valencia_(Venezuela),0,6009665
https://today.archive.,/20120707171901/http://enews.fergananews.com/news.php?id=1516&mode=snews,Censura_de_YouTube,0,7151417
https://today.archive.,/20120707171901/http://enews.fergananews.com/news.php?id=1516&mode=snews,Censura_de_YouTube,1,8094487
https://today.archive.,/20180622215516/https://www.thefreedictionary.com/poller,Centreon,0,8536296
https://today.archive.,/20120909230104/http://www.pzpn.pl/index.php/pol/Archiwum/U-21-Konsultacja-szkoleniowa-w-Warszawie,Cezary_Wilk,0,5974396
https://today.archive.,/20130411104124/http://enewsworld.interest.me/enews/contents.asp?idx=1753,Chae_Shi-ra,0,8419831
https://today.archive.,/20130703024612/http://www.tenasia.com/archives/12478,Choi_Kang-hee_(actriz),0,8403480
https://today.archive.,/20120524230414/http://www.tartareandesire.com/people/Christian_%C4lvestam/61498/,Christian_Älvestam,0,3206497
https://today.archive.,/20120524230414/http://www.tartareandesire.com/people/Christian_%C4lvestam/61498/,Christian_Älvestam,1,8096839
https://today.archive.,/20120630180901/http://www.buffalonews.com/city/schools/article234752.ece,Suicidio_entre_jóvenes_LGBT,0,4376615
https://today.archive.,/20140727045638/http://www.mediabistro.com/galleycat/fifty-shades-of-grey-wayback-machine_b49124,Cincuenta_sombras_de_Grey,0,5336162
https://today.archive.,/20140727045638/http://www.mediabistro.com/galleycat/fifty-shades-of-grey-wayback-machine_b49124,Cincuenta_sombras_de_Grey,1,5414946
https://today.archive.,/20120629081915/http://www.hoteldeperegrinos.com/actividades-culturales-realizadas/gar-anat-hotel-de-peregrinos-dedica-una-habitacion-al-mundo-de-claribel-alegria,Claribel_Alegría,0,347685
https://today.archive.,/20120629081915/http://www.hoteldeperegrinos.com/actividades-culturales-realizadas/gar-anat-hotel-de-peregrinos-dedica-una-habitacion-al-mundo-de-claribel-alegria,Claribel_Alegría,1,6100704
https://today.archive.,/20130629025431/http://www.jaguarsector.com/index.php?autocom=ibwiki&cmd=article&do=print_article&id=379,Tempest_2000,0,8551363
https://today.archive.,/20120707092317/http://cgkn1.cgkn.net/weblex/weblex_litho_detail_e.pl?00053:008601,Monte_Rundle,0,8566695
https://today.archive.,/20120707154154/http://dimayor.dm.cl/modules.php?name=News&file=print&sid=16316,Club_Social_y_Deportivo_Colo-Colo_(baloncesto_femenino),0,5224751
https://today.archive.,/20180516105521/http://www.cedricmanara.com/litige-nom-de-domaine/Litiges%20en%20mati%E8re%20de%20noms%20de%20domaine%20-%20Tableau%20r%E9capitulatif.htm,Correo_corporativo,0,6872612
https://today.archive.,/20130723200822/http://www.ultimasnoticias.com.ve/noticias/actualidad/politica/maduro-dijo-a-santos-el-conjunto-de-elementos-que-.aspx,Crisis_diplomática_entre_Colombia_y_Venezuela_de_2013,0,5857591
https://today.archive.,/20130627212052/http://www.adelaidenow.com.au/archive/sport/daniel-johnson-ends-sixers-award-break/story-e6frect3-1226182938904,Daniel_Johnson_(baloncestista),0,8463862
https://today.archive.,/20121216100235/http://movies.nytimes.com/movie/50402/Trop-jolies-pour-etre-honnetes/credits,Demasiado_bonitas_para_ser_honestas,0,4107354
https://today.archive.,/20121216100235/http://movies.nytimes.com/movie/50402/Trop-jolies-pour-etre-honnetes/credits,Demasiado_bonitas_para_ser_honestas,1,4165676
https://today.archive.,/20160401003200/http://unafut.com/site/index.php?option=com_content&view=article&id=1797:unafut-premio-a-lo-mejor-del-campeonato-invierno-2011&catid=6:noticias&Itemid=40,Deportivo_Saprissa,0,118817
https://today.archive.,/20160401003200/http://unafut.com/site/index.php?option=com_content&view=article&id=1797:unafut-premio-a-lo-mejor-del-campeonato-invierno-2011&catid=6:noticias&Itemid=40,Deportivo_Saprissa,1,340726
https://today.archive.,/20120713162126/http://mmajunkie.com/news/26304/jake-ellenberger-vs-diego-sanchez-to-headline-feb-15-ufc-event-on-fuel-tv.mma,Diego_Sánchez_(peleador),0,1569702
https://today.archive.,/20180721013528/http://trends.netcraft.com/www.digitalocean.com,DigitalOcean,0,6487598
https://today.archive.,/20180429003015/http://www.scp-wiki.net/system:page-tags/tag/scp,Fundación_SCP,0,7241543
https://today.archive.,/20120630133105/http://www4.gencat.cat:82/BASIS/dogc/TOTAL/text_catala/DDD/91058095.htm,Domingo_Umbert,0,4087182
https://today.archive.,/20120630133105/http://www4.gencat.cat:82/BASIS/dogc/TOTAL/text_catala/DDD/91058095.htm,Domingo_Umbert,1,4087978
https://today.archive.,/20140508124039/http://www.westernmorningnews.co.uk/Doom-Bar-named-UK-s-number-cask-ale/story-19352032-detail/story.html,Doom_Bar,1,8117241
https://today.archive.,/20180702214019/http://www.legacy.com/obituaries/montereyherald/obituary.aspx?pid=3116897,Dorothy_McEwen_Kildall,0,843540
https://today.archive.,/20130106065610/http://www.mmrree.gob.ec/2012/com041.asp,Julian_Assange,0,3903267
https://today.archive.,/20120916114225/http://www.mmrree.gob.ec/2012/com042.asp,Julian_Assange,0,3903267
https://today.archive.,/20121205235524/http://www.cbsnews.com/8301-503544_162-20024605-503544.html,Julian_Assange,0,3903267
https://today.archive.,/20130505000412/http://newyork.newsday.com/news/nation/tamerlan-tsarnaev-s-citizenship-bid-part-of-widening-boston-bombings-probe-1.5114418,Tamerlán_Tsárnayev,0,5791652
https://today.archive.,/20120524101203/http://www.hafronska.org/,Idioma_islandés,1,2463205
https://today.archive.,/20121225021233/http://www.sismicidad.ciens.ula.ve/cgi-win/be_alex.exe?Acceso=T021100001939/0&Nombrebd=psh&CIzq=2&Opc=NoEti;&TiposDoc=U1,Terremoto_de_Caracas_de_1967,0,2402209
https://today.archive.,/20121204160557/http://www.grcc.com/,Richmond_(Virginia),1,5476394
https://today.archive.,/20040302140905/http://www.giorgiogaber.org/stampa/vediart.php?codArt=246,Francesco_Guccini,0,77017
https://today.archive.,/20120708071559/http://cverdier.blogspot.de/2008/02/lando-buzzanca-il-bello-1971.html,Francesco_Guccini,0,77017
https://today.archive.,/20020410221546/http://www.redgolpe.com/curiosita.html,Francesco_Guccini,0,77017
https://today.archive.,/20120701175859/http://archiviostorico.corriere.it/1998/aprile/03/Guccini_mai_piu_Avvelenata_tempo_co_0_9804033162.shtml,Francesco_Guccini,0,77017
https://today.archive.,/20070104172035/http://guccio.50webs.com/guccinese_s_t.html,Francesco_Guccini,0,77017
https://today.archive.,/20120703140501/http://www.couriermail.com.au/entertainment-old/movies-old/dunst-on-the-up-after-rehab/story-e6freqex-1111117780537,Kirsten_Dunst,0,101657
https://today.archive.,/20130413011633/http://www.noticias.info/2007-02-27/news-98629-source-2-salmeron-destituido-como-entrenador-del-lorca,Lorca_Deportiva_Club_de_Fútbol,0,157743
https://today.archive.,/20130413011633/http://www.noticias.info/2007-02-27/news-98629-source-2-salmeron-destituido-como-entrenador-del-lorca,Lorca_Deportiva_Club_de_Fútbol,1,860988
https://today.archive.,/20121216100235/http://movies.nytimes.com/movie/50402/Trop-jolies-pour-etre-honnetes/credits,Serge_Gainsbourg,1,805772
https://today.archive.,/20121216100235/http://movies.nytimes.com/movie/50402/Trop-jolies-pour-etre-honnetes/credits,Serge_Gainsbourg,0,173077
https://today.archive.,/20120524101203/http://www.hafronska.org/,Alto_islandés,1,543235
https://today.archive.,/20130703040247/http://www.ljz.mx/destacadas/63-destacadas/31215-invitan-a-festival-de-la-ciudad-se-va-a-las-calles-regalaran-en-casa-de-cultura-de-zacatecas-boletos-para-calle-13.html,Calle_13_(banda),0,284097
https://today.archive.,/20130628084908/http://www.caracol.com.co/noticias/actualidad/residente-calle-13/20070531/nota/434281.aspx,Calle_13_(banda),1,2440902
https://today.archive.,/20130703040247/http://www.ljz.mx/destacadas/63-destacadas/31215-invitan-a-festival-de-la-ciudad-se-va-a-las-calles-regalaran-en-casa-de-cultura-de-zacatecas-boletos-para-calle-13.html,Calle_13_(banda),1,2440902
https://today.archive.,/20121216100235/http://movies.nytimes.com/movie/50402/Trop-jolies-pour-etre-honnetes/credits,Jane_Birkin,1,4927165
https://today.archive.,/20121216100235/http://movies.nytimes.com/movie/50402/Trop-jolies-pour-etre-honnetes/credits,Jane_Birkin,0,392661
https://today.archive.,/20120703152720/http://news.ninemsn.com.au/article.aspx?id=595152,Miley_Cyrus,0,634728
https://today.archive.,/20120703152720/http://news.ninemsn.com.au/article.aspx?id=595152,Miley_Cyrus,1,2557315
https://today.archive.,/20120525080505/http://www.plosgenetics.org/article/info:doi/10.1371/journal.pgen.1000010,Gallus_gallus_bankiva,0,933362
https://today.archive.,/20120525080505/http://www.plosgenetics.org/article/info:doi/10.1371/journal.pgen.1000010,Gallus_gallus_bankiva,1,1420692
https://today.archive.,/20081201192943/http://www.fuse.tv/music/best-of-2008/,Given_up,1,7185739
https://today.archive.,/20130628093821/http://boards.adultswim.com/t5/12-Oz-Mouse/bd-p/mouse,Ratón_Esponja,1,4167962
https://today.archive.,/20130628093821/http://boards.adultswim.com/t5/12-Oz-Mouse/bd-p/mouse,Ratón_Esponja,0,1088280
https://today.archive.,/20120525080505/http://www.plosgenetics.org/article/info:doi/10.1371/journal.pgen.1000010,Gallus_gallus_domesticus,1,412375
https://today.archive.,/20081201192943/http://www.fuse.tv/music/best-of-2008/,Funhouse_(álbum_de_Pink),0,1850096
https://today.archive.,/20081201192943/http://www.fuse.tv/music/best-of-2008/,Funhouse_(álbum_de_Pink),1,5596777
https://today.archive.,/20120630130523/http://www.darsu.btinternet.co.uk/discography/a-ha/album8.htm%23DELUXE,Foot_of_the_Mountain_(álbum),1,7185331
https://today.archive.,/20140330180638/http://www.ife.gob.ve/index.php/14-noticia-ife/156-continua-rehabilitacion-integral-del-sistema-ferroviario-centro-occidental-simon-bolivar,Gran_Barquisimeto,0,2993289
https://today.archive.,/20140330180549/http://venciclopedia.com/?title=Lista_de_c%C3%B3digos_de_%C3%A1rea_del_Estado_Lara,Gran_Barquisimeto,0,2993289
https://today.archive.,/20140330180541/http://venciclopedia.com/?title=Lista_de_c%C3%B3digos_de_%C3%A1rea_del_Estado_Yaracuy,Gran_Barquisimeto,0,2993289
https://today.archive.,/20140330180534/http://venciclopedia.com/?title=Lista_de_c%C3%B3digos_de_%C3%A1rea_del_Estado_Portuguesa,Gran_Barquisimeto,0,2993289
https://today.archive.,/20160401003200/http://unafut.com/site/index.php?option=com_content&view=article&id=1797:unafut-premio-a-lo-mejor-del-campeonato-invierno-2011&catid=6:noticias&Itemid=40,Óscar_Ramírez,0,3464920
https://today.archive.,/20160401003153/http://unafut.com/site/index.php?option=com_content&view=article&id=1262:lo-mejor-del-campeonato-verano-scotiabank-2011&catid=6:noticias&Itemid=40,Óscar_Ramírez,1,7358677
https://today.archive.,/20160401003200/http://unafut.com/site/index.php?option=com_content&view=article&id=1797:unafut-premio-a-lo-mejor-del-campeonato-invierno-2011&catid=6:noticias&Itemid=40,Óscar_Ramírez,1,7358677
https://today.archive.,/20120630161554/http://www.ultimasnoticias.com.ve/noticias/chevere/espectaculos/lady-gaga-podria-vivir-en-berlin.aspx,Scheiße,0,4424087
https://today.archive.,/20120630161554/http://www.ultimasnoticias.com.ve/noticias/chevere/espectaculos/lady-gaga-podria-vivir-en-berlin.aspx,Scheiße,1,4811464
https://today.archive.,/20120711171811/http://nat.org/blog/2011/05/xamarin/,Xamarin,1,7143255
https://today.archive.,/20120903184926/http://www.fanzineradar.es/index.php?option=com_content&view=article&id=571:lady-gaga-qborn-this-wayq&catid=1:criticas&Itemid=8,Government_Hooker,0,4901596
https://today.archive.,/20120903184926/http://www.fanzineradar.es/index.php?option=com_content&view=article&id=571:lady-gaga-qborn-this-wayq&catid=1:criticas&Itemid=8,Government_Hooker,1,4918199
https://today.archive.,/20120630000944/http://news.monstersandcritics.com/uk/news/article_1622043.php/Iceland-to-hold-April-referendum-on-overseas-bank-compensation-plan,Protestas_en_Islandia_de_2008-2011,0,4905731
https://today.archive.,/20120903184926/http://www.fanzineradar.es/index.php?option=com_content&view=article&id=571:lady-gaga-qborn-this-wayq&catid=1:criticas&Itemid=8,Americano_(canción),0,4913500
https://today.archive.,/20120903184926/http://www.fanzineradar.es/index.php?option=com_content&view=article&id=571:lady-gaga-qborn-this-wayq&catid=1:criticas&Itemid=8,Americano_(canción),1,4960819
https://today.archive.,/20120525080505/http://www.plosgenetics.org/article/info:doi/10.1371/journal.pgen.1000010,Gallus_gallus,1,6621831
https://today.archive.,/20140508095227/http://gorripidea.blogspot.com.es/2014/05/elecciones-al-parlamento-europeo.html,Gorripidea,0,5084083
https://today.archive.,/20140508095227/http://gorripidea.blogspot.com.es/2014/05/elecciones-al-parlamento-europeo.html,Gorripidea,1,7172738
https://today.archive.,/20150403014943/http://meuspremiosnick.uol.com.br/vencedores/,Avenida_Brasil_(telenovela),1,5918027
https://today.archive.,/20150403014943/http://meuspremiosnick.uol.com.br/vencedores/,Avenida_Brasil_(telenovela),0,5118873
https://today.archive.,/20120529182015/http://findarticles.com/p/articles/mi_m0EIN/is_1999_Feb_4/ai_53706429/,StarCraft,0,5150396
https://today.archive.,/20120729090749/http://www.examiner.com/article/shanghai-art-fair-2011-yields-good-results,Carlos_J._Tirado_Yepes,0,5181408
https://today.archive.,/20121208132507/http://www.genealogiasdecolombia.com/apellidos/Santos.aspx,Enrique_Santos_Castillo,0,5353988
https://today.archive.,/20121208132507/http://www.genealogiasdecolombia.com/apellidos/Santos.aspx,Enrique_Santos_Castillo,1,7205814
https://today.archive.,/20121208132507/http://www.genealogiasdecolombia.com/apellidos/Santos.aspx,Enrique_Santos_Calderón,0,5368494
https://today.archive.,/20121208132507/http://www.genealogiasdecolombia.com/apellidos/Santos.aspx,Enrique_Santos_Calderón,1,7203138
https://today.archive.,/20121204155019/http://www.parovoz.com/indexe.php,Ferrocarril_en_Rusia,0,5645070
https://today.archive.,/20121204155019/http://www.parovoz.com/indexe.php,Ferrocarril_en_Rusia,1,8230924
https://today.archive.,/20130819013255/http://www.nydailynews.com/,Betty_Ong,1,7198626
https://today.archive.,/20130819013255/http://www.nydailynews.com/,Betty_Ong,0,6428906
https://today.archive.,/20140508124039/http://www.westernmorningnews.co.uk/Doom-Bar-named-UK-s-number-cask-ale/story-19352032-detail/story.html,Doom_Bar,0,7250621
https://today.archive.,/20140721060813/http://www.du.se/sv/Om-Hogskolan/Organisation/Sok-personal/Min-presentation/?userId=1346,Sverker_Johansson,1,8607290
https://today.archive.,/20180117150055/http://banderaroja.com.ve/opinion/petro-pote-de-humo-y-algo-mas/,Petro_(token),0,8238857
https://today.archive.,/20121204160557/http://www.grcc.com/,Richmond_(Virginia),0,62811
https://today.archive.,/20180805005806/https://pbs.twimg.com/media/Djyw60xUYAAXjHe.jpg,Nicolás_Maduro,0,1033704
https://today.archive.,/20180805010020/https://pbs.twimg.com/media/Djyw8TFV4AAloZ7.jpg,Nicolás_Maduro,0,1033704
https://today.archive.,/20180805010015/https://pbs.twimg.com/media/Djyw8znU0AAmlJw.jpg,Nicolás_Maduro,0,1033704
https://today.archive.,/20180805010230/https://pbs.twimg.com/media/Djyx07eUYAEEfYe.jpg,Nicolás_Maduro,0,1033704
https://today.archive.,/20150403014943/http://meuspremiosnick.uol.com.br/vencedores/,Jennette_McCurdy,0,1635788
https://today.archive.,/20150403014943/http://meuspremiosnick.uol.com.br/vencedores/,Jennette_McCurdy,1,2462141
https://today.archive.,/20130620025231/http://www.malifootball.com/201212072393/adama-niane-a-la-pointe-de-lattaque-du-fc-nantes.html,Adama_Niane,0,8540248
https://today.archive.,/20130620025244/http://www.malifootball.com/201306132735/adama-niane-signe-un-contrat-professionnel.html,Adama_Niane,0,8540248
https://today.archive.,/20120629135917/http://canaldenoticia.com/decenas-de-muertos-en-combate-de-tropas-somal%C3%ADes-y-et%C3%ADopes-contra-al-shabab,2012,0,866572
https://today.archive.,/20120629135917/http://canaldenoticia.com/decenas-de-muertos-en-combate-de-tropas-somal%C3%ADes-y-et%C3%ADopes-contra-al-shabab,2012,1,1320070
https://today.archive.,/20140127100651/http://jam.canoe.ca/Music/Artists/L/Lohan_Lindsay/AlbumReviews/2005/12/09/1346076-sun.html,A_Little_More_Personal_(Raw),0,6043035
https://today.archive.,/20130823133217/http://alphaomeganews.org/content/2010/05/mercy_me_mr_lovewell/,All_of_Creation,0,5966539
https://today.archive.,/20130823133248/http://aaronconrad.com/2010/05/11/cd-review-generous-mr-lovewell/,All_of_Creation,0,5966539
https://today.archive.,/20130203192315/http://www.thechristianmanifesto.com/main/index.php/2010/05/02/the-generous-mr-lovewell/,All_of_Creation,0,5966539
https://today.archive.,/20120524101203/http://www.hafronska.org/,Alto_islandés,0,214149
https://today.archive.,/20160703015609/http://www.igw-resch-verlag.at/santibeati/index.html?vol3/cocchetti.html,Annunciata_Cocchetti,0,7473367
https://today.archive.,/20160703015609/http://www.igw-resch-verlag.at/santibeati/index.html?vol3/cocchetti.html,Annunciata_Cocchetti,1,8632433
https://today.archive.,/20180806121245/http://questiondigital.com/diaz-rangel-la-abstencion-adeca-de-1952-stelling-con-el-pais-por-delante-renaud-declaracion-episcopal/,Asamblea_Nacional_Constituyente_de_Venezuela_de_1952,0,8320288
https://today.archive.,/20180706141753/https://www.japantimes.co.jp/news/2018/07/06/national/crime-legal/aum-shinrikyo-guru-shoko-asahara-hanged-mass-murder-reports/%23.Wz96A9LLfK4,Aum_Shinrikyō,0,76695
https://today.archive.,/20130716160614/http://www.caracol.com.co/noticias/actualidad/beyonce-lanza-en-ee-uu-el-dvd-con-todos-los-videos-de-bday/20070622/nota/443541.aspx,B'Day_Anthology_Video_Album,0,4274866
https://today.archive.,/20130823204528/http://www.gospelmusicupdate.com/_news/review_mrlovewell.shtm,Beautiful_(canción_de_MercyMe),0,5967059
https://today.archive.,/20150905220633/http://www.snepmusique.com/tops-semaine/top-singles-telecharges/,Beauty_Behind_the_Madness,0,7038602
https://today.archive.,/20141111210403/http://www.francefootball.fr/news/Bourigeaud-le-ch-ti-de-compete/456578,Benjamin_Bourigeaud,0,8577694
https://today.archive.,/20141111210340/http://www.lensois.com/articles/5191-benjamin-bourigeaud-doit-maintenant-enchainer,Benjamin_Bourigeaud,0,8577694
https://today.archive.,/20180728013946/http://www.bcv.org.ve/notas-de-prensa/reconversion-monetaria-arranca-el-20-de-agosto-con-supresion-de-5-ceros-al-bolivar,Bolívar_(moneda),0,7197
https://today.archive.,/20180816183028/https://globoesporte.globo.com/futebol/times/botafogo/noticia/ze-ricardo-diz-sim-a-proposta-alvinegra-e-e-o-novo-treinador-do-botafogo.ghtml,Botafogo_de_Futebol_e_Regatas,0,455794
https://today.archive.,/20180816212754/https://globoesporte.globo.com/futebol/times/botafogo/noticia/de-poucas-palavras-e-bem-objetivo-conheca-um-pouco-sobre-bruno-lazaroni-que-treinara-o-botafogo-contra-o-santos.ghtml,Botafogo_de_Futebol_e_Regatas,0,455794
https://today.archive.,/20180816182420/https://globoesporte.globo.com/futebol/times/botafogo/noticia/alberto-valentim-e-o-novo-tecnico-do-botafogo.ghtml,Botafogo_de_Futebol_e_Regatas,0,455794
https://today.archive.,/20180816182919/https://globoesporte.globo.com/futebol/times/botafogo/noticia/alberto-valentim-recebe-proposta-do-futebol-arabe-e-pode-deixar-o-botafogo.ghtml,Botafogo_de_Futebol_e_Regatas,0,455794
https://today.archive.,"/20150120214249/http://noticias.terra.cl/chile/cacerolazos-una-protesta-iniciada-por-la-burguesia-chilena,014c23c21971e310VgnCLD2000000dc6eb0aRCRD.html",Cacerolazo,0,176781
https://today.archive.,/20150402204710/http://www.decompras.com/producto/509129/preventa-cama-incendiada/,Cama_incendiada,0,6623157
https://today.archive.,/20150402204710/http://www.decompras.com/producto/509129/preventa-cama-incendiada/,Cama_incendiada,1,7185864
https://today.archive.,/20120629050712/http://www.lacuarta.cl/diario/2005/09/28/28.12.4a.DEP.LARUCA.html,Carlos_Caszely,0,158896
https://today.archive.,/20130723214517/http://www.snepmusique.com/fr/pag-259838-Radio.html?cid=260096,Check_on_It,0,702661
https://today.archive.,/20130810030928/http://voices.yahoo.com/the-best-beyonceher-10-greatest-songs-5721356.html,Check_on_It,0,702661
https://today.archive.,/20130809044635/http://www.snepmusique.com/fr/pag-259838-Radio.html?cid=260090,Check_on_It,0,702661
https://today.archive.,/20150216100147/http://gamingring.com/2008/09/08/the-first-edition-of-the-official-wwe-smackdown-vs-raw-2009-podcast-is-now-online/,WWE_SmackDown_vs._Raw_2009,0,1564050
https://today.archive.,/20170831225657/https://www.ft.com/content/cf74de04-6057-11de-a09b-00144feabdc0,Penske_Media_Corporation,0,8668323
https://today.archive.,/20130118101236/http://www.blogdelnarco.com/2010/04/muere-raul-meza-torres-sobrino-de-javier-torres-felix/,Raúl_Meza_Torres,0,8701248
https://today.archive.,/20180803020130/http://www.bdfa.com.ar/clubese-Gimnasia-y-Esgrima-66.html,Club_Atlético_Gimnasia_y_Esgrima_(Mendoza),0,5206790
https://today.archive.,/20140402192410/http://www.sanluis24.com.ar/index.php?option=com_content&view=article&id=24816:a-20-anos-de-la-muerte-de-juan-gilberto-funes&catid=34:catlaciudad&Itemid=54,Club_Atlético_Gimnasia_y_Esgrima_(Mendoza),0,5206790
https://today.archive.,/20130411022356/https://plus.google.com/photos/106203895252740891967/albums/5372482483830571969?banner=pwa,Congreso_Nacional_de_Software_Libre_de_Venezuela,0,2751051
https://today.archive.,/20130411014502/https://plus.google.com/photos/106203895252740891967/albums/5358033663109192369?banner=pwa,Congreso_Nacional_de_Software_Libre_de_Venezuela,0,2751051
https://today.archive.,/20120629094323/http://www.rugbycetransaelsalvador.com/Cetransa/Rugby/Primer%20Equipo/Staff%20T%E9cnico/displaySection/a43d98a4e5cf1227d59473031d17dbce,Copa_del_Rey_de_rugby_2011-12,1,6173161
https://today.archive.,"/20120629104708/http://www.ordiziarugby.com/content/view/1374/133/lang,es/",Copa_del_Rey_de_rugby_2011-12,1,6173161
https://today.archive.,/20120629094323/http://www.rugbycetransaelsalvador.com/Cetransa/Rugby/Primer%20Equipo/Staff%20T%E9cnico/displaySection/a43d98a4e5cf1227d59473031d17dbce,Copa_del_Rey_de_rugby_2011-12,0,5177906
https://today.archive.,"/20120629104708/http://www.ordiziarugby.com/content/view/1374/133/lang,es/",Copa_del_Rey_de_rugby_2011-12,0,5177906
https://today.archive.,/20120629094323/http://www.rugbycetransaelsalvador.com/Cetransa/Rugby/Primer%20Equipo/Staff%20T%E9cnico/displaySection/a43d98a4e5cf1227d59473031d17dbce,Copa_del_Rey_de_rugby_2012-13,0,5430708
https://today.archive.,"/20120629104708/http://www.ordiziarugby.com/content/view/1374/133/lang,es/",Copa_del_Rey_de_rugby_2012-13,0,5430708
https://today.archive.,/20120629094323/http://www.rugbycetransaelsalvador.com/Cetransa/Rugby/Primer%20Equipo/Staff%20T%E9cnico/displaySection/a43d98a4e5cf1227d59473031d17dbce,Copa_del_Rey_de_rugby_2012-13,1,6173162
https://today.archive.,"/20120629104708/http://www.ordiziarugby.com/content/view/1374/133/lang,es/",Copa_del_Rey_de_rugby_2012-13,1,6173162
https://today.archive.,/20120802092258/http://spanish.visitkorea.or.kr/spa/FO/FO_SP_6_2_3.jsp,Corea_del_Sur,1,331504
https://today.archive.,/20121219230620/http://spanish.visitkorea.or.kr/spa/FO/FO_SP_6_2_2.jsp,Corea_del_Sur,1,331504
https://today.archive.,/20120802092258/http://spanish.visitkorea.or.kr/spa/FO/FO_SP_6_2_3.jsp,Corea_del_Sur,0,9368
https://today.archive.,/20121219230620/http://spanish.visitkorea.or.kr/spa/FO/FO_SP_6_2_2.jsp,Corea_del_Sur,0,9368
